segment_id,segment_name,segment_size_n,segment_weight_sum,segment_share_weighted,income_rate_weighted,income_rate_delta_vs_population,top_age_band,top_education,top_marital_status,top_work_class,top_occupation,weeks_worked_mean,weeks_worked_delta_vs_population,college_or_higher_delta_vs_population,married_delta_vs_population,capital_gains_positive_rate,dividends_positive_rate,scheme_name
0,Segment 0,53837,90259223.31,0.25992884370201114,0.0,-0.06405041998278356,18-24,Children,Never married,Not in universe,Not in universe,0.11404181093656254,-23.468429260042264,-0.15134581848990794,-0.4264974478244873,2.266660320101972e-05,0.0003281991459006717,v1_raw_feature_unsupervised
1,Segment 1,55893,100898693.45,0.2905684289950731,0.03336466177005784,-0.03068575821272572,25-34,High school graduate,Married-civilian spouse present,Private,Adm support including clerical,43.010448051049565,19.42797698007074,0.0326909931073259,0.036490203566930834,0.0,0.04361833200725158,v1_raw_feature_unsupervised
2,Segment 2,3906,7036740.3,0.02026443063140893,0.30242456439667104,0.2383741444138875,35-44,High school graduate,Married-civilian spouse present,Private,Professional specialty,41.53097315528328,17.94850208430445,0.22241046064412417,0.1523143656803584,0.0,0.25083148656203785,v1_raw_feature_unsupervised
3,Segment 3,40530,70195540.78,0.2021493768599854,0.22283790488949062,0.15878748490670708,35-44,High school graduate,Married-civilian spouse present,Private,Precision production craft & repair,49.433650392485795,25.85117932150697,0.16896613985813824,0.3316993621169737,0.15006121447249005,0.29023028220340463,v1_raw_feature_unsupervised
4,Segment 4,45357,78855694.63,0.22708891981152132,0.014006396306346251,-0.05004402367643731,65+,High school graduate,Married-civilian spouse present,Not in universe,Not in universe,0.972160364444183,-22.610310706534644,-0.038853714887426685,0.13262075534738937,0.030036483365132965,0.13307325056531558,v1_raw_feature_unsupervised
