{
  "model": "lightgbm",
  "selection_metric": "weighted_f1_on_valid",
  "best_threshold": {
    "threshold": 0.38,
    "precision": 0.7734889429092108,
    "recall": 0.7010260901409843,
    "f1": 0.7354769768515047
  },
  "test_at_best_threshold": {
    "precision": 0.6633867759846594,
    "recall": 0.5708819221514934,
    "f1": 0.6136678640167996
  }
}