model,roc_auc,pr_auc,operating_f1
XGBoost,0.9554831159704692,0.6799277367992492,0.5745527359746616
LightGBM,0.9548795583429754,0.6845269988127858,0.6136678640167997
FT-Transformer,0.9412778694181219,0.5774666284919481,0.5481958356946188
